epoch_s,pid,pcpu,rss_kb,cmd
1783020203,6635,30.2,29612,python
1783020204,6635,11.4,32592,python
1783020205,6635,7.5,32684,python
1783020206,6635,5.8,33416,python
1783020207,6635,4.5,33416,python
1783020208,6635,3.7,33416,python
1783020209,6635,3.5,34640,python
1783020210,6635,3.2,34692,python
1783020211,6635,3.3,35500,python
1783020212,6635,3.3,37580,python
1783020213,6635,3.0,37600,python
1783020215,6635,2.8,37600,python
1783020216,6635,2.7,37640,python
1783020217,6635,2.5,37652,python
1783020218,6635,2.3,37652,python
1783020219,6635,2.2,37652,python
1783020220,6635,2.0,37652,python
1783020221,6635,2.1,38396,python
1783020222,6635,2.4,39096,python
1783020222,6924,27.1,73444,Xvfb
1783020224,6635,2.3,39096,python
1783020224,6924,13.1,73444,Xvfb
1783020225,6635,2.2,39096,python
1783020225,6924,8.6,73444,Xvfb
1783020226,6635,2.0,39096,python
1783020226,6924,6.6,73444,Xvfb
1783020227,6635,1.9,39096,python
1783020227,6924,5.2,73444,Xvfb
1783020228,6635,1.9,39096,python
1783020228,6924,5.4,67352,Xvfb
1783020229,6635,1.8,39096,python
1783020229,6924,4.6,67352,Xvfb
1783020230,6635,1.7,39096,python
1783020230,6924,4.0,67352,Xvfb
1783020231,6635,1.6,39096,python
1783020231,6924,3.6,67352,Xvfb
1783020233,6635,1.6,39096,python
1783020233,6924,3.2,67352,Xvfb
1783020234,6635,1.5,39096,python
1783020234,6924,2.9,67352,Xvfb
1783020235,6635,1.5,39096,python
1783020235,6924,2.7,67352,Xvfb
1783020236,6635,1.5,39116,python
1783020236,6924,3.1,69428,Xvfb
1783020237,6635,1.5,39116,python
1783020237,6924,2.8,69428,Xvfb
1783020238,6635,1.4,39116,python
1783020238,6924,2.6,69428,Xvfb
1783020239,6635,1.4,39116,python
1783020239,6924,2.5,69428,Xvfb
1783020240,6635,1.3,39116,python
1783020240,6924,2.3,69428,Xvfb
1783020241,6635,1.3,39116,python
1783020241,6924,2.6,68060,Xvfb
1783020242,6635,1.3,39116,python
1783020242,6924,2.4,68060,Xvfb
1783020244,6635,1.2,39116,python
1783020244,6924,2.3,68060,Xvfb
1783020245,6635,1.2,39116,python
1783020245,6924,2.2,68060,Xvfb
1783020246,6635,1.2,39116,python
1783020246,6924,2.1,68060,Xvfb
1783020247,6635,1.2,39116,python
1783020247,6924,2.0,68060,Xvfb
1783020248,6635,1.2,39116,python
1783020248,6924,1.9,68060,Xvfb
1783020249,6635,1.2,39120,python
1783020249,6924,1.9,68060,Xvfb
1783020250,6635,1.1,39120,python
1783020250,6924,2.0,68988,Xvfb
1783020251,6635,1.1,39120,python
1783020251,6924,2.2,68988,Xvfb
1783020252,6635,1.1,39120,python
1783020252,6924,2.3,68988,Xvfb
1783020253,6635,1.1,39120,python
1783020253,6924,2.5,68988,Xvfb
1783020254,6635,1.1,39120,python
1783020254,6924,2.6,69280,Xvfb
1783020255,6635,1.0,39120,python
1783020255,6924,2.5,69280,Xvfb
1783020256,6635,1.0,39120,python
1783020256,6924,2.4,69280,Xvfb
1783020257,6635,1.0,39120,python
1783020257,6924,2.4,69280,Xvfb
1783020258,6635,1.0,39120,python
1783020258,6924,2.3,69280,Xvfb
1783020260,6635,1.0,39120,python
1783020260,6924,2.2,69280,Xvfb
1783020261,6635,0.9,39120,python
1783020261,6924,2.2,69280,Xvfb
1783020262,6635,1.0,39124,python
1783020262,6924,2.3,69280,Xvfb
1783020263,6635,0.9,39124,python
1783020263,6924,2.2,71144,Xvfb
1783020264,6635,0.9,39124,python
1783020264,6924,2.2,71144,Xvfb
1783020265,6635,0.9,39124,python
1783020265,6924,2.1,71144,Xvfb
1783020266,6635,0.9,39124,python
1783020266,6924,2.0,71144,Xvfb
1783020267,6635,0.9,39124,python
1783020267,6924,2.1,70632,Xvfb
1783020268,6635,0.9,39124,python
1783020268,6924,2.1,70632,Xvfb
1783020270,6635,0.8,39124,python
1783020270,6924,2.0,70632,Xvfb
1783020271,6635,0.8,39124,python
1783020271,6924,2.0,70632,Xvfb
1783020272,6635,0.8,39124,python
1783020272,6924,1.9,70632,Xvfb
1783020273,6635,0.8,39124,python
1783020273,6924,1.9,70632,Xvfb
1783020274,6635,0.8,39124,python
1783020274,6924,1.8,70632,Xvfb
1783020275,6635,0.8,39124,python
1783020275,6924,1.8,72232,Xvfb
1783020276,6635,0.8,39124,python
1783020276,6924,1.8,72232,Xvfb
1783020277,6635,0.8,39124,python
1783020277,6924,1.7,72232,Xvfb
1783020278,6635,0.8,39124,python
1783020278,6924,1.7,72232,Xvfb
1783020280,6635,0.8,39124,python
1783020280,6924,1.7,72232,Xvfb
1783020281,6635,0.8,39124,python
1783020281,6924,1.7,70632,Xvfb
1783020282,6635,0.8,39124,python
1783020282,6924,1.7,70632,Xvfb
1783020283,6635,0.8,39124,python
1783020283,6924,1.7,70632,Xvfb
1783020284,6635,0.7,39124,python
1783020284,6924,1.6,70632,Xvfb
1783020285,6635,0.7,39124,python
1783020285,6924,1.6,70632,Xvfb
1783020286,6635,0.7,39124,python
1783020286,6924,1.6,70632,Xvfb
1783020287,6635,0.7,39124,python
1783020287,6924,1.5,70632,Xvfb
1783020289,6635,0.8,39132,python
1783020289,6924,1.7,70632,Xvfb
1783020290,6635,0.7,39132,python
1783020290,6924,1.6,70632,Xvfb
1783020291,6635,0.7,39132,python
1783020291,6924,1.6,70632,Xvfb
1783020292,6635,0.7,39132,python
1783020292,6924,1.6,70632,Xvfb
1783020293,6635,0.7,39132,python
1783020293,6924,1.6,70632,Xvfb
1783020294,6635,0.7,39132,python
1783020294,6924,1.5,70632,Xvfb
1783020295,6635,0.7,39132,python
1783020295,6924,1.5,70632,Xvfb
1783020296,6635,0.7,39132,python
1783020296,6924,1.5,70632,Xvfb
1783020297,6635,0.7,39132,python
1783020297,6924,1.5,70632,Xvfb
1783020298,6635,0.7,39132,python
1783020298,6924,1.4,70632,Xvfb
1783020300,6635,0.7,39132,python
1783020300,6924,1.4,70632,Xvfb
1783020301,6635,0.7,39136,python
1783020301,6924,1.6,70632,Xvfb
1783020302,6635,0.7,39136,python
1783020302,6924,1.7,70644,Xvfb
1783020303,6635,0.7,39136,python
1783020303,6924,1.8,70644,Xvfb
1783020304,6635,0.7,39136,python
1783020304,6924,2.0,70644,Xvfb
1783020305,6635,0.7,39136,python
1783020305,6924,2.2,70644,Xvfb
1783020306,6635,0.7,39136,python
1783020306,6924,2.3,70632,Xvfb
1783020307,6635,0.7,39136,python
1783020307,6924,2.3,70632,Xvfb
1783020308,6635,0.7,39136,python
1783020308,6924,2.3,70632,Xvfb
1783020310,6635,0.7,39136,python
1783020310,6924,2.2,70632,Xvfb
1783020311,6635,0.7,39136,python
1783020311,6924,2.2,70632,Xvfb
1783020312,6635,0.7,39136,python
1783020312,6924,2.2,70632,Xvfb
1783020313,6635,0.7,39164,python
1783020313,6924,2.2,70632,Xvfb
1783020314,6635,0.7,39164,python
1783020314,6924,2.2,71252,Xvfb
1783020315,6635,0.7,39164,python
1783020315,6924,2.2,71252,Xvfb
1783020316,6635,0.7,39164,python
1783020316,6924,2.1,71252,Xvfb
1783020318,6635,0.7,39164,python
1783020318,6924,2.1,71252,Xvfb
1783020319,6635,0.7,39164,python
1783020319,6924,2.1,71252,Xvfb
1783020320,6635,0.7,39164,python
1783020320,6924,2.1,70736,Xvfb
1783020321,6635,0.7,39164,python
1783020321,6924,2.1,70736,Xvfb
1783020322,6635,0.6,39164,python
1783020322,6924,2.1,70736,Xvfb
1783020323,6635,0.6,39164,python
1783020323,6924,2.0,70736,Xvfb
1783020324,6635,0.6,39164,python
1783020324,6924,2.0,70736,Xvfb
1783020325,6635,0.6,39164,python
1783020325,6924,2.0,70736,Xvfb
1783020326,6635,0.7,39164,python
1783020326,6924,2.0,70736,Xvfb
1783020327,6635,0.6,39164,python
1783020327,6924,2.0,70736,Xvfb
1783020329,6635,0.6,39164,python
1783020329,6924,2.0,77828,Xvfb
1783020330,6635,0.6,39164,python
1783020330,6924,2.0,77828,Xvfb
1783020331,6635,0.6,39164,python
1783020331,6924,2.0,77828,Xvfb
1783020332,6635,0.6,39164,python
1783020332,6924,2.0,77828,Xvfb
1783020333,6635,0.6,39164,python
1783020333,6924,2.0,75116,Xvfb
1783020334,6635,0.6,39164,python
1783020334,6924,1.9,75116,Xvfb
1783020335,6635,0.6,39164,python
1783020335,6924,1.9,75116,Xvfb
1783020336,6635,0.6,39164,python
1783020336,6924,1.9,75116,Xvfb
1783020337,6635,0.6,39164,python
1783020337,6924,1.9,75116,Xvfb
1783020338,6635,0.6,39164,python
1783020338,6924,1.9,75116,Xvfb
1783020339,6635,0.6,39164,python
1783020339,6924,1.9,75116,Xvfb
1783020340,6635,0.6,39164,python
1783020340,6924,1.9,75128,Xvfb
1783020341,6635,0.6,39164,python
1783020341,6924,1.9,75128,Xvfb
1783020342,6635,0.6,39164,python
1783020342,6924,1.8,75128,Xvfb
1783020343,6635,0.6,39164,python
1783020343,6924,1.8,75128,Xvfb
1783020344,6635,0.6,39164,python
1783020344,6924,1.8,75128,Xvfb
1783020345,6635,0.6,39164,python
1783020345,6924,1.8,75128,Xvfb
1783020346,6635,0.6,39164,python
1783020346,6924,1.8,75116,Xvfb
1783020347,6635,0.6,39164,python
1783020347,6924,1.8,75116,Xvfb
1783020348,6635,0.6,39164,python
1783020348,6924,1.8,75116,Xvfb
1783020349,6635,0.6,39164,python
1783020349,6924,1.8,75116,Xvfb
1783020350,6635,0.6,39164,python
1783020350,6924,1.8,75116,Xvfb
1783020351,6635,0.6,39164,python
1783020351,6924,1.7,75116,Xvfb
1783020352,6635,0.6,39164,python
1783020352,6924,1.7,75116,Xvfb
1783020353,6635,0.6,39164,python
1783020353,6924,1.7,75632,Xvfb
1783020355,6635,0.5,39164,python
1783020355,6924,1.7,75632,Xvfb
1783020356,6635,0.5,39164,python
1783020356,6924,1.7,75632,Xvfb
1783020357,6635,0.5,39164,python
1783020357,6924,1.7,75632,Xvfb
1783020358,6635,0.5,39164,python
1783020358,6924,1.7,75632,Xvfb
1783020359,6635,0.5,39164,python
1783020359,6924,1.7,75116,Xvfb
1783020360,6635,0.5,39164,python
1783020360,6924,1.7,75116,Xvfb
1783020361,6635,0.5,39164,python
1783020361,6924,1.6,75116,Xvfb
1783020362,6635,0.5,39164,python
1783020362,6924,1.6,75116,Xvfb
1783020363,6635,0.5,39164,python
1783020363,6924,1.6,75116,Xvfb
1783020364,6635,0.5,39164,python
1783020364,6924,1.6,75116,Xvfb
1783020365,6635,0.5,39164,python
1783020365,6924,1.6,75116,Xvfb
1783020366,6635,0.5,39164,python
1783020366,6924,1.6,75184,Xvfb
1783020367,6635,0.5,39164,python
1783020367,6924,1.6,75184,Xvfb
1783020368,6635,0.5,39164,python
1783020368,6924,1.6,75184,Xvfb
1783020369,6635,0.5,39164,python
1783020369,6924,1.6,75184,Xvfb
1783020370,6635,0.5,39164,python
1783020370,6924,1.5,75184,Xvfb
1783020371,6635,0.5,39164,python
1783020371,6924,1.5,75184,Xvfb
1783020372,6635,0.5,39164,python
1783020372,6924,1.5,75116,Xvfb
1783020373,6635,0.5,39164,python
1783020373,6924,1.5,75116,Xvfb
1783020374,6635,0.5,39164,python
1783020374,6924,1.5,75116,Xvfb
1783020375,6635,0.5,39164,python
1783020375,6924,1.5,75116,Xvfb
1783020376,6635,0.5,39164,python
1783020376,6924,1.5,75116,Xvfb
1783020377,6635,0.5,39164,python
1783020377,6924,1.5,75116,Xvfb
1783020378,6635,0.5,39164,python
1783020378,6924,1.5,75116,Xvfb
1783020380,6635,0.5,39164,python
1783020380,6924,1.6,76916,Xvfb
1783020381,6635,0.5,39164,python
1783020381,6924,1.5,76916,Xvfb
1783020382,6635,0.5,39164,python
1783020382,6924,1.5,76916,Xvfb
1783020383,6635,0.5,39164,python
1783020383,6924,1.5,76916,Xvfb
1783020384,6635,0.5,39164,python
1783020384,6924,1.5,76916,Xvfb
1783020385,6635,0.5,39164,python
1783020385,6924,1.5,76916,Xvfb
1783020386,6635,0.5,39164,python
1783020386,6924,1.5,76916,Xvfb
1783020387,6635,0.5,39164,python
1783020387,6924,1.5,76916,Xvfb
1783020388,6635,0.5,39164,python
1783020388,6924,1.5,76916,Xvfb
1783020389,6635,0.5,39164,python
1783020389,6924,1.5,76916,Xvfb
1783020390,6635,0.5,39164,python
1783020390,6924,1.5,75116,Xvfb
1783020391,6635,0.5,39164,python
1783020391,6924,1.5,75116,Xvfb
1783020392,6635,0.5,39168,python
1783020392,6924,1.5,75116,Xvfb
1783020393,6635,0.5,39168,python
1783020393,6924,1.4,76476,Xvfb
1783020394,6635,0.5,39168,python
1783020394,6924,1.4,76476,Xvfb
1783020395,6635,0.5,39168,python
1783020395,6924,1.4,76476,Xvfb
1783020396,6635,0.5,39168,python
1783020396,6924,1.4,76476,Xvfb
1783020397,6635,0.4,39168,python
1783020397,6924,1.4,76476,Xvfb
1783020398,6635,0.5,39168,python
1783020398,6924,1.4,75116,Xvfb
1783020399,6635,0.4,39168,python
1783020399,6924,1.4,75116,Xvfb
1783020400,6635,0.4,39168,python
1783020400,6924,1.4,75116,Xvfb
1783020401,6635,0.4,39168,python
1783020401,6924,1.4,75116,Xvfb
1783020402,6635,0.4,39168,python
1783020402,6924,1.4,75116,Xvfb
1783020403,6635,0.4,39168,python
1783020403,6924,1.4,75116,Xvfb
1783020404,6635,0.4,39168,python
1783020404,6924,1.4,75116,Xvfb
1783020406,6635,0.4,39168,python
1783020406,6924,1.4,76316,Xvfb
1783020407,6635,0.4,39168,python
1783020407,6924,1.3,76316,Xvfb
1783020408,6635,0.4,39168,python
1783020408,6924,1.3,76316,Xvfb
1783020409,6635,0.4,39168,python
1783020409,6924,1.3,76316,Xvfb
1783020410,6635,0.4,39168,python
1783020410,6924,1.3,76316,Xvfb
1783020411,6635,0.4,39168,python
1783020411,6924,1.3,76316,Xvfb
1783020412,6635,0.4,39168,python
1783020412,6924,1.3,75116,Xvfb
1783020413,6635,0.4,39168,python
1783020413,6924,1.3,75116,Xvfb
1783020414,6635,0.4,39168,python
1783020414,6924,1.3,75116,Xvfb
1783020415,6635,0.4,39168,python
1783020415,6924,1.3,75116,Xvfb
1783020416,6635,0.4,39168,python
1783020416,6924,1.3,75116,Xvfb
1783020417,6635,0.4,39168,python
1783020417,6924,1.3,75116,Xvfb
1783020418,6635,0.4,39168,python
1783020418,6924,1.3,0,Xvfb
1783020419,6635,0.4,39168,python
1783020419,6924,1.3,0,Xvfb
1783020420,6635,0.4,39168,python
1783020420,6924,1.3,0,Xvfb
1783020421,6635,0.4,39168,python
1783020421,6924,1.3,0,Xvfb
1783020422,6635,0.4,39168,python
1783020422,6924,1.2,0,Xvfb
